"FIPS_NHL","FIPS","Jan","Feb","Mar","Apr","May","Jun","Jul","Aug","Sep","Oct","Nov","Dec","Total"
"H24021","24021","1.4676310023996","2.5328670323214","1.27893414702551","2.66106226199199","1.86473142397528","2.1453924390872","3.03009218149235","2.94937954397405","2.9683928916937","1.77242751180425","1.59189852666958","2.34784865543986","2.21755480148956"
"H24023","24023","1.40008706387588","2.63193916790155","1.37897939451464","2.66299604357439","1.80795367896439","2.31064810489692","3.23414784057502","3.09799986948226","3.16921961389522","1.91654762952655","1.56993542783756","2.48382879544838","2.3053568858744"
"H42013","42013","1.74190720578891","2.77564692361068","1.40792086932908","2.69862683330577","1.7827384988874","2.12640293983849","3.10565989117158","3.17112372529501","3.11833532685499","1.77362463852378","1.67655464022032","2.62814747415834","2.3338907472487"
"H42027","42027","1.93938982413537","2.81520782529185","1.44163848300246","2.68186612405177","1.76623367281023","1.97898927448114","2.94780048708358","3.04855123186021","2.96646396256399","1.6057034569267","1.73016643020321","2.66288419309915","2.29874124712581"
"H42043","42043","1.83698562461697","2.69557066508262","1.40541505594012","2.69432308493602","1.79188128059969","1.98801932816276","3.03745881573084","3.0235001260656","2.90958602006678","1.61093642169366","1.64054703685111","2.5900514710763","2.26868957756854"
"H42079","42079","1.96937542972588","2.8015874526798","1.42132177042552","2.62879569080039","1.78071809323691","1.90600389986745","2.82343299630421","2.91698641548561","2.77906007544024","1.43497009864245","1.78117816411981","2.63201379287525","2.23962032330029"
"H42113","42113","2.0031588701832","2.83550146880788","1.44168600889362","2.64567408374987","1.78846551059353","1.91878266872752","2.83798579717436","2.9391771070301","2.80061370680151","1.456878415507","1.79844428686149","2.66163108725942","2.26066658429912"
"H42115","42115","1.95577885766946","2.77782064673599","1.39077306344338","2.52308651621972","1.73487626798536","1.81196394517419","2.65740514008588","2.78928125576565","2.65786131026397","1.27996726684588","1.80819141087458","2.65832018216694","2.17044382193592"
"H42117","42117","2.1351023748304","2.9782886955253","1.482730759877","2.64457304947107","1.71389473778394","1.9497236790618","2.79807995996022","3.00143889272987","2.90154516779908","1.47714025445638","1.84203944287795","2.84862934338932","2.31443219648019"
"H42119","42119","1.9535388221356","2.8203706862559","1.44175634190253","2.67820763170199","1.768298308401","1.9724673602975","2.93578534252253","3.0330479927225","2.94009419950896","1.58257762528658","1.73825805683","2.66830998300563","2.29439269588089"
"H42131","42131","1.98030382432775","2.81439796031206","1.42118286815022","2.61540976384927","1.77803870077373","1.88941183795022","2.79024638776502","2.8974147811934","2.76031554576354","1.4058100921875","1.79811232402246","2.63817860938861","2.23240189130698"
"H51003","51003","1.02781928066847","2.39660280986924","1.27659915047091","2.60785137790102","1.88685619963494","2.39447415994391","3.30167617392273","2.99147740067227","3.16287934982014","1.96468723631866","1.44026465745821","2.25989183613441","2.22592330273458"
"H51009","51009","0.952304577647768","2.30235090072934","1.24988557224165","2.58558875969618","1.90059010491146","2.49005996239825","3.32178277765157","2.99973015480516","3.21420594805463","2.02234094753171","1.36338162613192","2.18550405090105","2.21564378189172"
"H51015","51015","1.00574394114875","2.36423774037137","1.26903843583311","2.59684439867098","1.88912891749961","2.43346048652559","3.31076191918666","2.99765104678182","3.18827882902408","1.99002423557341","1.40257862320642","2.23547237557518","2.22360174578308"
"H51023","51023","0.873894984259567","2.21514385190933","1.22458478440824","2.5780233788165","1.9246642870059","2.57081570214352","3.34433547342519","3.02349979144421","3.26327237646657","2.06454522954828","1.33039647968984","2.12883671718236","2.21183442135829"
"H51045","51045","0.896138547739551","2.26613535692374","1.24242832426663","2.54248637298866","1.92372409056251","2.59535503572857","3.39731976211919","3.08117704139882","3.34281330237969","2.09683058503243","1.35434172421377","2.16702106299499","2.24214760052905"
"H51079","51079","1.04985318630798","2.41978455989933","1.28105643051924","2.62783571552395","1.89015274919438","2.35533681940751","3.29014668507397","2.99346339268629","3.13920786733956","1.93893176535526","1.48271597079262","2.28786513472259","2.22969585640189"
"H51113","51113","1.07788924449603","2.42244574183523","1.27591121856478","2.64003898470093","1.89220832130119","2.32502192089292","3.26980547412188","2.99139039069853","3.11361013423764","1.92039646741461","1.50462985823282","2.30125718268346","2.22788374493167"
"H51125","51125","0.983086320087676","2.34285688237028","1.26089502922631","2.58880562954883","1.89178478297744","2.45058718705723","3.31317525992308","2.99034574489392","3.19020575736311","1.99862793194279","1.39026620148926","2.21244680837705","2.21775696127141"
"H51139","51139","1.1023278617762","2.43801050927645","1.28172317509722","2.64380313306575","1.89028952492673","2.32239171903884","3.26842701261713","3.00061644240476","3.12018698770943","1.92134615630277","1.507510649898","2.31194257285394","2.23404797874727"
"H51157","51157","1.14601057330431","2.43084023324562","1.26863812528143","2.64560134965309","1.88933046204499","2.29715648513814","3.23493236405514","2.98903470694188","3.08759399940006","1.90596424677648","1.51488259143119","2.30738717000076","2.22644769227276"
"H51165","51165","1.10693595805225","2.45792012452073","1.30183855570191","2.63044583787804","1.87681825065734","2.354943169063","3.29410963399271","3.02153161397121","3.16788392554783","1.94756196082254","1.46710237411227","2.32857434461388","2.24630547907781"
"H54023","54023","1.37473766182629","2.61287723966351","1.3685629294915","2.65999753615465","1.81830027918326","2.31221758049336","3.24140353864408","3.09223076595289","3.17277702972956","1.92259827648871","1.54901941163377","2.46715116533881","2.29932278455003"
"H54031","54031","1.32197391513526","2.557903411957","1.32978102831104","2.66098246237942","1.85413876473094","2.30359756277314","3.24403533638871","3.06933692995305","3.15782782755356","1.92818274048214","1.52408184783676","2.40735601835472","2.27993315382131"
"H54057","54057","1.42432903188898","2.62251290351357","1.36180050833978","2.6693715665403","1.82249994598112","2.29571541237183","3.22090846370953","3.09448331593992","3.15583189019412","1.91577514505719","1.57054434078474","2.46348611822042","2.30143822021179"
"H54071","54071","1.2596565405258","2.55912480220036","1.35756255694786","2.63722229307656","1.8304907782493","2.34199520741926","3.29188507721859","3.08504659845026","3.22022269461086","1.95404883599555","1.45407178992546","2.43938348632366","2.28589255507863"
"L42069","42069","1.90421003265442","2.74133069870724","1.37147506112631","2.56615032065805","1.75644100211144","1.84790757570676","2.73650737683668","2.83225128208112","2.69907301749592","1.33504069339699","1.76460617374539","2.57345985821979","2.17737109106167"
"L42079","42079","1.90869326877504","2.73961448823346","1.37982515300793","2.58793194698109","1.76240416104314","1.87384255397467","2.77506621491635","2.86403556587684","2.72733233625052","1.37775590577023","1.75659032827251","2.57276303760591","2.19382124672564"
"L42113","42113","2.06566821631004","2.8986274993316","1.46597421896628","2.64485952233222","1.77531080759672","1.92159824992783","2.80548870949686","2.95231518045349","2.81804612782682","1.45076691233229","1.83632272661325","2.727732887704","2.28022592157429"
"L51015","51015","1.08316196528853","2.43359811209406","1.297119594919","2.61861939548471","1.87758100121171","2.3846473394319","3.30525988683819","3.02424239269948","3.19008642088183","1.96813358123989","1.42980213455195","2.31079405240967","2.24358715642091"
"L51023","51023","0.941687617562685","2.28971992224381","1.25462346004386","2.57744549177799","1.9063395339465","2.5441521290584","3.35977560625908","3.05826792266478","3.293105471116","2.06213993750177","1.35934092786601","2.19410428876814","2.23672519240075"
"L51079","51079","1.01661672957472","2.38343053275665","1.26142617439675","2.61065026077168","1.89240726850195","2.36213487011417","3.28044113606032","2.96459477445286","3.11495360163081","1.93665865701535","1.46942890755307","2.24865979709975","2.21178355916067"
"L51091","51091","1.13428948403412","2.4586576142914","1.31978806366699","2.61859064102614","1.85983164877955","2.40411908660013","3.31935372299868","3.06806272434445","3.24586287499432","1.99212049656579","1.39247794772038","2.35325227021024","2.26386721460268"
"L51157","51157","1.13820099388572","2.38837584352536","1.2419466790582","2.63812367145767","1.89177836692434","2.275021885376","3.19945058461104","2.95389576375239","3.03685334320793","1.88518882372369","1.51496932865002","2.27876394445096","2.20354743571861"
"L51163","51163","0.954269235407122","2.2892292361396","1.25354223838217","2.59255990236291","1.90674133282286","2.52409780237733","3.33985123697986","3.04236753300835","3.2651587082456","2.04842254479901","1.34988472503345","2.19766885389839","2.23031611245472"
"L54023","54023","1.32448648489488","2.57600644350268","1.34800882600671","2.65597354378656","1.83830267128008","2.31405692136604","3.2525338243822","3.07882487457709","3.17367626471493","1.93065772118144","1.51949692481893","2.4333640346644","2.28711571126466"
"L54031","54031","1.33693380263718","2.57132520513594","1.33876035650217","2.66070424713586","1.84585024635334","2.3052208574235","3.24326089359878","3.07542534210099","3.16215566152153","1.92749810517129","1.52811691405924","2.42172785679039","2.28474829070252"
"L54071","54071","1.24923045827133","2.5459130829501","1.34339954953259","2.64292233019365","1.84548555722492","2.33224985017249","3.28145111055492","3.07123104050068","3.19631542685576","1.94527629603223","1.47160903278664","2.41937032372328","2.27870450489988"
"N10001","10001","1.1816918051835","2.14952301438481","1.08886841297496","2.22127773601107","1.77859343298389","1.93423771818069","2.71784694957049","2.56468670522612","2.49584165119652","1.50145240600184","1.45603050025831","2.09069427663343","1.9317287173838"
"N10003","10003","1.37829868392166","2.31833303884075","1.18640946280756","2.33131372487337","1.78969135105773","1.9342101397468","2.75196730845911","2.69613352213089","2.5851546751109","1.50975806513564","1.52883336326267","2.18245459103567","2.01604649386523"
"N10005","10005","1.02387287358588","1.99503620782027","0.999703435235702","2.1398381641187","1.7584103739291","1.940642930199","2.69704307004766","2.44725789976805","2.42169655973813","1.48804236862078","1.39436649057645","2.01656545047687","1.86020631867638"
"N11001","11001","1.18271131084822","2.30343645382589","1.1720033537774","2.56293466339074","1.89202776149768","2.13967196908428","3.00837663115577","2.8087102408215","2.81808881030741","1.75680305967346","1.51176568575796","2.21782450566876","2.11452953715076"
"N24001","24001","1.52046422616603","2.63239279058475","1.34081889488093","2.68276884622508","1.83853394420228","2.24594950365936","3.1824266426825","3.10361129667041","3.13352857592341","1.89860235447654","1.57521450069982","2.45716200518882","2.30095613177999"
"N24003","24003","1.21953748682058","2.3023269941603","1.16722816943677","2.513552888917","1.88838739892996","2.08504220761535","2.93628804251507","2.76175450073827","2.74038655522861","1.70307621871623","1.50922122054365","2.21355781974014","2.08669662528016"
"N24005","24005","1.41440161021305","2.43335844490491","1.24447191358073","2.53375937738802","1.86885571537745","2.08161839524855","2.92261312883795","2.82048799772669","2.77895123504222","1.68352257626507","1.57583815066583","2.26847294588638","2.13552929092807"
"N24009","24009","1.04030465711859","2.17514926886951","1.09438704600039","2.49020769643361","1.90016498224573","2.07959821811059","2.94748338938213","2.70372562124955","2.69884605232086","1.71073677368532","1.44198085478257","2.16865462223825","2.03760326520309"
"N24011","24011","1.12249981097409","2.12982240762218","1.07300246628879","2.27351752746014","1.80654570861479","1.97579729279204","2.77268116419781","2.5726759533945","2.53173307288927","1.55384313050571","1.44291109210159","2.09651563333388","1.94596210501457"
"N24013","24013","1.45088986885538","2.4864994995108","1.26524869856754","2.59640007994267","1.86591702891526","2.1102878032747","2.97374275171639","2.88344828510616","2.86759051676416","1.72187358006317","1.58722596819795","2.31076914140806","2.17665776852685"
"N24015","24015","1.40622845661773","2.36522165204941","1.21281228795865","2.39360759820344","1.81536077445696","1.97675383949711","2.80382323872653","2.73787886557938","2.64263577997644","1.56098922360462","1.54833421610769","2.21648324759725","2.05667743169793"
"N24017","24017","1.02142853602531","2.18948981215686","1.11676385404708","2.53985337852016","1.90345680645287","2.14959440157113","3.03173060597422","2.7627472674936","2.78471967923213","1.77061561391669","1.46100566269553","2.16829929473142","2.07497540940141"
"N24019","24019","0.988650788352176","2.03871692620467","1.02302885039424","2.2854082249376","1.82295529012385","2.00225360858177","2.80634006196287","2.53709818532707","2.5279705611953","1.58580598467644","1.39849196458691","2.0707978610371","1.92395985894833"
"N24021","24021","1.41026523996986","2.48949327805544","1.25721197246646","2.64047216450878","1.87281259415414","2.15372229659993","3.02396003261223","2.91783289998195","2.93688351389978","1.77048240845232","1.57998272500331","2.31356865425398","2.19722398166318"
"N24023","24023","1.46885278665431","2.65885850891448","1.38067686917325","2.67389336372718","1.80135396658155","2.2821057749","3.20724180980525","3.10955477468224","3.15056889752269","1.89975487239253","1.60295141830515","2.50255463232648","2.31153063958209"
"N24025","24025","1.43935258918194","2.42179171599028","1.2438574307464","2.48111144804347","1.84850871052269","2.03717045446891","2.87487189843909","2.79140079758745","2.72059187277107","1.63019359981795","1.57374402693384","2.25910123848033","2.11014131524862"
"N24027","24027","1.32317153302125","2.39475055156482","1.21680479815361","2.56395479293615","1.88037989986787","2.1183229800487","2.96930681987839","2.83081181836178","2.82197863595298","1.72820691568131","1.55236106577472","2.25367811134655","2.13781066021568"
"N24029","24029","1.28854938158067","2.28624119300196","1.16512946695977","2.36724657702687","1.82865872633198","1.99364424417431","2.80657527200368","2.6877575638046","2.61919963498645","1.58316877767895","1.51274534806134","2.17220753315244","2.02592697656358"
"N24031","24031","1.27530831084579","2.38178470429937","1.2098801343455","2.5986430929872","1.88492695682737","2.15501325810586","3.02145991143876","2.85785931205365","2.87390886521465","1.76787485426675","1.54439396883369","2.25368172609964","2.15206125794318"
"N24033","24033","1.14891635713883","2.26858335310866","1.15094666399496","2.53674066080826","1.89460571583178","2.11661456693532","2.9830529935072","2.77448724201573","2.77483633230641","1.73816241609457","1.49343482349035","2.20329422431723","2.09030627912911"
"N24035","24035","1.21775389656882","2.22409033643238","1.12806603732208","2.33626095231106","1.82304647931741","1.98849618590099","2.79784916198813","2.64539432622557","2.58848324149594","1.57588719272499","1.48375491120594","2.14407464727196","1.99609644739711"
"N24037","24037","0.949703757439622","2.09777653891431","1.07036130646799","2.45816777032356","1.89117934492664","2.09569633534593","2.95948550082411","2.66911227956055","2.67827186486626","1.70304270587781","1.41547469370424","2.12928117768045","2.00979610632762"
"N24039","24039","0.848323219439045","1.83730770773879","0.964492805367398","2.14526455488536","1.76085436409006","1.97314555044624","2.70736579995625","2.39087413119224","2.39908272004629","1.50231820122507","1.34022215797889","1.97197553529087","1.82010222897138"
"N24041","24041","1.1038685889485","2.14660631875714","1.0792821966615","2.33944532853231","1.83582440073992","2.00684774359086","2.82272209695126","2.60927592260673","2.5800389724569","1.60122899558767","1.44393442794925","2.12003989098314","1.97409290698043"
"N24043","24043","1.48327959255348","2.55814144706524","1.29237952162963","2.67171529711742","1.86180509431347","2.17553743546896","3.07909328569153","2.99824090761188","3.02256657191831","1.8149935588753","1.58201807287363","2.37548891478702","2.24293830832549"
"N24045","24045","0.929248326674325","1.91928604465913","0.972979476893707","2.14705082321671","1.76565423537655","1.96272470837346","2.71399237649717","2.41687642355376","2.41490145963671","1.50621518680431","1.36454729627549","1.99461944610135","1.84234131700522"
"N24047","24047","0.872006380404935","1.83121669668375","0.950024179847541","2.08899127466719","1.73788056801901","1.94640291675708","2.66328075495429","2.35328566342702","2.35752569751475","1.46878307771753","1.33945224161977","1.95389469026491","1.79689534515648"
"N24510","24510","1.34393279623182","2.38464795613197","1.21638666697489","2.51931938153482","1.87773665193908","2.08322895833648","2.91923815086961","2.79288982997325","2.75715864941521","1.68878715970658","1.55446394949166","2.2407190378092","2.11487576570121"
"N36003","36003","2.15630060620294","3.00395951476597","1.5708757424483","2.54106083283908","1.68055702307068","1.85376029395849","2.66501218848363","2.9160603606568","2.83576014642854","1.39711777029534","1.87314356806128","3.09523080976292","2.29906990474783"
"N36007","36007","2.07065363107586","2.87745410305287","1.45696035105971","2.51944220369414","1.72067630823667","1.81761188788971","2.59921162816504","2.8068516355217","2.66935327327055","1.27329325680869","1.87836965602441","2.82250428819199","2.20936518524928"
"N36011","36011","2.22060900419914","3.05037489762268","1.5511820335771","2.51763537317085","1.70163982025419","1.77435097718762","2.49549335240194","2.81599996441986","2.69367146936606","1.29448793129643","1.94170695925546","3.14926335973258","2.26720126187366"
"N36015","36015","2.12820340337194","2.95539452716885","1.51919429924482","2.58389191469832","1.72116862206436","1.86622156666749","2.64162680960923","2.90595648023811","2.76279398974197","1.33978057598188","1.88665871080888","2.94567490447509","2.27138048367258"
"N36017","36017","2.12411591389516","2.90702809851299","1.46650696610042","2.48129360942101","1.70145875915664","1.779789960788","2.53278242692","2.76350470506297","2.62680064649223","1.23674969002735","1.91924550442132","2.90728733356909","2.20388030119727"
"N36023","36023","2.15524223464774","2.96883503876576","1.50702680685402","2.50610100564639","1.70366492412774","1.79720747773899","2.5237945881293","2.81037295844909","2.66763853515778","1.25360184868829","1.92848340218493","2.99878415617926","2.23506274804744"
"N36025","36025","1.93940297360716","2.76334368612415","1.39678473277384","2.43731103246292","1.64477906421211","1.72405223495732","2.52471240788388","2.72318678480917","2.52928783438463","1.21477232104616","1.83657525249931","2.78174775619344","2.12632967341284"
"N36043","36043","2.14502251212886","2.99652946034277","1.42051591921863","2.47079174025139","1.64897003568293","1.65078458358723","2.42171561061551","2.71532316184658","2.51714657355013","1.18101337229481","1.97464615248819","3.12893551339669","2.18928288628364"
"N36051","36051","2.22941598920222","2.9994928581785","1.58771151042939","2.53182457098819","1.66562222001502","1.79035726720443","2.55480844053744","2.83972051765319","2.75713163666155","1.32153217928914","1.91582604175989","3.20105117795678","2.28287453415631"
"N36053","36053","2.18723517282146","2.99024247344155","1.47406047917428","2.47515695436955","1.70451737791726","1.71845973050527","2.48371164366328","2.75087133971454","2.61030033809426","1.23614862254299","1.95364255911176","3.08210708707069","2.22220448153557"
"N36065","36065","2.20768284299651","3.03088092132007","1.45233886319141","2.4687754338638","1.70047576879949","1.65909267248573","2.44744634091633","2.72993920668636","2.5739613910259","1.2184170877886","1.97653917638141","3.18504514781962","2.2208829044396"
"N36067","36067","2.22366218509471","3.04954957276945","1.52442337689374","2.4979697920635","1.70694831178027","1.74151373506631","2.48133224645274","2.7867734742439","2.65976425904164","1.28004657245021","1.95175576076585","3.15316911786798","2.25474236704086"
"N36069","36069","2.23235863244736","2.99758315295761","1.57635472571266","2.54404820031149","1.67109006063297","1.77785337650936","2.52285682744681","2.81812100102697","2.72509317884935","1.29597870643613","1.93048844581657","3.20668047642903","2.27487556538136"
"N36077","36077","2.05184138823769","2.88050542663021","1.42976513017245","2.46006807499906","1.64345225299609","1.71073609043497","2.48301033187566","2.72632644235137","2.53066772341724","1.20518580427593","1.90961515873439","2.93712253463788","2.16402469656358"
"N36095","36095","1.91935416670563","2.79991195222243","1.38712542918245","2.43241169801142","1.5713752933984","1.6547753166604","2.45017641814788","2.69449657442755","2.43545569259383","1.19013349729092","1.87025497411556","2.90303052758356","2.10904179502834"
"N36097","36097","2.15880383836997","2.97332680431563","1.54555921989871","2.56191894899205","1.69570724763482","1.84002665014662","2.57773975711102","2.88635822655338","2.7430591109962","1.29862184291162","1.90518819414476","3.0520565521472","2.26986386610183"
"N36101","36101","2.17714182515688","2.96525336282424","1.55324427856886","2.58300645742609","1.68214305885767","1.85013410718565","2.62664685752511","2.90944941232657","2.78932907176717","1.34554993884924","1.88842600770024","3.08321760972817","2.28779516565966"
"N36107","36107","2.10234256623398","2.93389158860283","1.49707667766079","2.55875215809516","1.72913970297234","1.85036974010157","2.61940365523463","2.86970264311804","2.72125150403979","1.30931363436024","1.88875617629924","2.88939743896781","2.24744979047387"
"N36109","36109","2.14265233404251","2.98096247077448","1.52975192188938","2.54216557755492","1.70762557353142","1.8355038301686","2.55450306975793","2.86726935676375","2.71423951439524","1.27592666301939","1.91448499061027","3.00385645436751","2.25574514640628"
"N36123","36123","2.19813295362422","2.98462853327918","1.56735335500212","2.55165409372171","1.67790708822354","1.80773277030708","2.54233199294842","2.85721115801132","2.73302364626049","1.29010807810972","1.91802601917644","3.15085183456783","2.27324679360267"
"N42001","42001","1.56502954114464","2.56699035925546","1.31682000744915","2.65033296219782","1.84285651812253","2.08697152753515","3.01393239278353","2.96419098541657","2.9434512818859","1.72808517892854","1.60667102138174","2.40105945442758","2.22386593587738"
"N42009","42009","1.62778588134612","2.68978557989251","1.36491543884013","2.69164648938425","1.81864794748557","2.1803661101057","3.14062653707304","3.13081874721394","3.12036097483173","1.83769389795323","1.61744969881939","2.5235612387611","2.31197154514222"
"N42011","42011","1.74148423541547","2.56171302255159","1.32096656639922","2.60017423702045","1.76381243180922","1.95386951939824","2.90219733202585","2.91115144525395","2.76831277464005","1.5097760175194","1.62628219071703","2.42224652324988","2.17349885800003"
"N42013","42013","1.75892347422249","2.76964726661894","1.41236419729132","2.69861033028593","1.78411529587806","2.10423466884896","3.0882367202335","3.15559209936701","3.10461557231531","1.75841329061509","1.6767743550477","2.62428734711386","2.32798455148651"
"N42015","42015","2.07241338091396","2.90468618842259","1.47638109687715","2.61102743582646","1.75846475435012","1.89022828163816","2.731848524536","2.91638907670538","2.77565682581568","1.39157215605414","1.85327444717649","2.78665265611104","2.26404956870227"
"N42021","42021","1.7363091374231","2.79129549127209","1.41849825735016","2.69560699418619","1.76405222504851","2.12099996209665","3.10111711266605","3.17236207163814","3.11313328542714","1.7708069763069","1.68420301286907","2.66049330035885","2.3357398188869"
"N42023","42023","1.99523224596856","2.95827633163976","1.51078821065961","2.64719426345651","1.70300223011316","2.00217460323296","2.86661292533859","3.02199322395383","2.96593408733623","1.55870122245709","1.79485924917762","2.92556185241003","2.32919420381199"
"N42025","42025","1.82675022327308","2.63612025189147","1.33870550426827","2.58732393604978","1.7508481112754","1.89999326599536","2.81068193109725","2.87414618691194","2.72832525057715","1.4134687514502","1.69523934767406","2.47517998274424","2.16973189526735"
"N42027","42027","1.9007066568448","2.83482332756454","1.45088203075978","2.68220730356211","1.75457398774848","2.01821737266429","2.97255424694832","3.08383145569671","3.02223575842021","1.64965110837136","1.72822214920923","2.7078163838838","2.31714348180613"
"N42029","42029","1.54535530043071","2.42665067056612","1.24584134746645","2.45789952849588","1.77760955909147","1.94606503990244","2.81213316565958","2.79500619760345","2.66768803453276","1.50775704314717","1.57868671278612","2.2778743756684","2.08654724794588"
"N42033","42033","1.86529474859927","2.87528122516972","1.47241319421351","2.67398800520947","1.73268586525106","2.05703754485395","2.98112333975866","3.09561674774628","3.04159056709105","1.66286394250241","1.73893136092759","2.8090205709393","2.33382059268852"
"N42035","42035","2.01582458859623","2.90672480450352","1.46674502800103","2.66562780134209","1.73485177137103","1.98349559210433","2.88935771197955","3.03874240009339","2.96030445437037","1.5649937994573","1.78154237838487","2.77133453167666","2.31496207182336"
"N42037","42037","1.94015142743535","2.77417701228293","1.42190569863582","2.65918180675569","1.78662557259387","1.94087060370561","2.90513335679319","2.96081484375514","2.82474063595238","1.50025097986079","1.73699898687761","2.62690631843935","2.25647977025731"
"N42041","42041","1.6735112600132","2.63009897241842","1.36521155767237","2.67912992668766","1.81894950245746","2.04849972665017","3.03499628119938","3.02430154484717","2.98523606373801","1.71797834339571","1.62380799207272","2.48010200445052","2.2568185979669"
"N42043","42043","1.78399665387989","2.66803767178258","1.39092561371511","2.68126659674054","1.80016091133052","2.00250149985348","3.03131782218981","3.01550200854341","2.91951230833702","1.63783683810356","1.63277574376417","2.55085584428463","2.25955745937706"
"N42047","42047","1.93850509080892","2.94710375066773","1.52621725897402","2.65137674245419","1.69345316818757","2.00922706526373","2.88304451085218","3.02773143624193","2.98142754730094","1.58587009041881","1.78315512251014","2.96133635595629","2.33237067830304"
"N42055","42055","1.58686673809117","2.61208791138655","1.33631753477824","2.6832683754225","1.83690272282517","2.11826543470441","3.06489482968409","3.03470384020305","3.03336111637957","1.78148329696126","1.61007762047024","2.44112071699822","2.26161251149204"
"N42057","42057","1.59981529641214","2.64437259472149","1.34547507743855","2.68750847270198","1.83345711301668","2.15810018174797","3.10968735140722","3.08277375463878","3.08166641467671","1.81971477068699","1.6060693403046","2.47274539243387","2.28678214668225"
"N42061","42061","1.7453739638896","2.72864023258268","1.40516548956821","2.69814995759249","1.7938134798487","2.07580651840004","3.07036139904868","3.12036205054184","3.07933173706948","1.75145744176361","1.66001049142608","2.57914983827392","2.30896855000044"
"N42063","42063","1.73503372085366","2.82314453499921","1.44229566777399","2.69125693443653","1.72547647080953","2.0961552751421","3.08089584380698","3.16944480149376","3.09511115834265","1.75819110643762","1.70124261424712","2.73007078560488","2.33735990949567"
"N42065","42065","1.84661582050389","2.89025762484069","1.49542789890919","2.67548617884891","1.70368957099792","2.03434204581378","2.96136306301429","3.08548102521517","3.02530640147814","1.65900083930785","1.7509031259572","2.86465622882701","2.33271081864284"
"N42067","42067","1.79938944599755","2.71316978466762","1.41923388668534","2.70139891028473","1.7905868832174","2.00841378960349","3.03881789415134","3.08651694671405","3.0305528563456","1.7034828306951","1.6570224387766","2.5717797305023","2.29336378313676"
"N42069","42069","1.90079923013356","2.73522022618206","1.36828454010807","2.55520845962567","1.75114199001504","1.84011817891045","2.72193178549077","2.82140499396105","2.68798203049231","1.32317927148548","1.76522367653927","2.57479710442582","2.1704409572808"
"N42071","42071","1.62500710322416","2.52643855699684","1.30483711152275","2.56383571506978","1.80842185247954","1.99778407187644","2.92437517740626","2.88020395598749","2.77330900177223","1.58516882154265","1.60036467788959","2.38883318658006","2.16488160269565"
"N42075","42075","1.77766089434565","2.64078767345877","1.3728206098814","2.66158042825137","1.7969600433151","1.99310601824126","3.01178517580424","2.97744880348464","2.85830001110938","1.59526912485176","1.62345524222881","2.53125717244703","2.23670259978495"
"N42079","42079","1.90667667833803","2.73378206937146","1.38650795194631","2.61015568230587","1.76824310443281","1.89955237602357","2.81998061773929","2.89601479378718","2.75718268725883","1.42186252368132","1.74209249831319","2.57247712235329","2.20954400879593"
"N42081","42081","2.05120375138467","2.8973730183752","1.45818841583116","2.65910424854871","1.75672990302059","1.95098069436775","2.8549197098737","2.99598938633062","2.88413467541102","1.50499695985585","1.80370986332602","2.73100817295501","2.29569489994002"
"N42083","42083","2.03304009156359","2.98868439573025","1.55535642762915","2.59290355922226","1.68539888612624","1.94404538995159","2.79309886400229","2.9754985034599","2.92569366810728","1.51433670427443","1.82211620270922","3.02809476980253","2.32152228854823"
"N42087","42087","1.81825933035312","2.74360520716486","1.42718226517685","2.69972614327701","1.7826966033766","2.01608050966966","3.0310924161598","3.1022861495499","3.05023519086817","1.70750411519705","1.67445331284391","2.59708774338926","2.30418408225218"
"N42093","42093","1.95297907512722","2.79650103408734","1.43467907040227","2.67323476924395","1.78616008893819","1.95534001330903","2.92830777806254","2.98946915465514","2.86388840091958","1.53262483918633","1.73776813627208","2.65158748831133","2.27521165404292"
"N42097","42097","1.91346732602597","2.76371432096115","1.42551353555998","2.68164697477302","1.78589326030695","1.96771358737287","2.9675953294029","3.00655807111483","2.88800496481679","1.56460273959962","1.70370101708894","2.63209474828097","2.27504215627533"
"N42099","42099","1.75878697280887","2.67807803863598","1.40129180998038","2.69659271790152","1.80043877028365","2.01702481418576","3.04540475286633","3.06417321541227","3.00761236617196","1.70350816703792","1.63846591877281","2.54056395764585","2.27932845847527"
"N42105","42105","2.09820726757889","2.98317144159742","1.5195259642579","2.61790218174756","1.69733156457305","1.94094359388332","2.77918984351353","2.98233881510789","2.90275866087273","1.47797102397365","1.83733810120845","2.95534431955123","2.31600189815547"
"N42107","42107","1.84980214962858","2.67623314234752","1.38024719011878","2.65341685366665","1.77537528523358","1.953133447802","2.94330487238818","2.95956719652686","2.82176721139774","1.52063612590496","1.66797347934889","2.54829760303677","2.22914621311671"
"N42109","42109","1.88509062600641","2.75907510247112","1.42839341155528","2.68973015153236","1.78082651166011","1.98227897119082","2.98990188739713","3.04546637411404","2.95568460975493","1.62096454608301","1.69151656955148","2.62231471755236","2.28760362323909"
"N42111","42111","1.58450418225266","2.71295444398743","1.38900058318199","2.68641022273073","1.78402998148574","2.20436821810264","3.16395268237814","3.14559924032472","3.13332658738188","1.85258005297704","1.63246034105977","2.56607784585808","2.32127203181007"
"N42113","42113","2.03338607495975","2.86621522924951","1.45348054889699","2.64512337085118","1.7845503817465","1.91858334922121","2.82100506850156","2.94345034182459","2.80644423963212","1.4524027499892","1.8190344289405","2.68987972140742","2.26946295876838"
"N42115","42115","2.00583248287849","2.82906626087002","1.42446018913501","2.55041081931487","1.74359259026421","1.83650220767489","2.67316136098894","2.82779182898037","2.69303055723601","1.31140289097575","1.83216630496784","2.71315737109559","2.2033812386985"
"N42117","42117","2.1328917547647","2.95697254166867","1.49732334707192","2.62692480100766","1.71989857628887","1.91429849882782","2.74721902259815","2.96335822076317","2.84705814595906","1.42939846501174","1.85586001237998","2.88303466396387","2.2978531708588"
"N42119","42119","1.9402791855918","2.80445390269543","1.43803742316697","2.67949816015185","1.77399238280552","1.971199447005","2.94458066908515","3.02769362417428","2.92965363870437","1.58114014856418","1.72946935000286","2.65635524080107","2.28969609772904"
"N42127","42127","1.89120958432064","2.70888295436963","1.36392034147298","2.48324621844697","1.71544062134666","1.7869519658376","2.63876872256891","2.76489513257747","2.62173434038504","1.26496298065831","1.77555524013144","2.61478224812147","2.13586252918643"
"N42131","42131","1.97443917631453","2.80940288602166","1.41393744847686","2.59304511632013","1.76805512275876","1.8687832786974","2.75288539213371","2.87001406496871","2.73436036759886","1.36962199413892","1.802339855795","2.64372702843165","2.21671764430468"
"N42133","42133","1.59350373932584","2.54842289571216","1.31528535098087","2.60492317610122","1.83635096631277","2.04829375670148","2.97436589638778","2.9152607211665","2.84921452714826","1.66379008027341","1.60470016260102","2.39880497384545","2.19607635387973"
"N51001","51001","0.714714095731547","1.67414521018996","0.93514437449145","2.08916205817377","1.73016617108346","1.96888049490364","2.65454581058661","2.30633325418938","2.33031157893148","1.46341556566311","1.29301853160256","1.91137435221732","1.75593429148036"
"N51003","51003","0.977677713891891","2.3548610781176","1.25426576023508","2.58630283975731","1.89069464052827","2.40826157009693","3.29542662513413","2.95475585086315","3.13654241103677","1.96457641066897","1.42900907026241","2.2062142218273","2.20488234936832"
"N51005","51005","0.957739560668603","2.31528310877503","1.26726622734428","2.57172191188795","1.89417190624976","2.54230898098472","3.37220198251082","3.07488543421486","3.31265942821848","2.06325918354253","1.3795311945603","2.21381808050546","2.24707058328857"
"N51007","51007","0.760626608049779","2.1459914028097","1.13561707951748","2.44131850247359","1.87553568463888","2.37828366111955","3.17941688611727","2.73826832383829","2.91153059376576","1.8445965717927","1.35607090481347","2.01117283637232","2.0648690879424"
"N51009","51009","0.899117613149598","2.25500308013998","1.23087247318649","2.57110158583491","1.90803697057652","2.52113736497065","3.32410224841419","2.98100870472642","3.21051680280644","2.03404981461508","1.34731708583255","2.13539370384184","2.20147145400789"
"N51011","51011","0.828205519328456","2.2141587393027","1.20725435731451","2.52243481682051","1.89222938800054","2.51344538387013","3.2985176398482","2.9031644061938","3.13961713938657","1.996309663547","1.34636812032959","2.06950821584445","2.16093444914887"
"N51013","51013","1.16893569921299","2.29912142946379","1.17142543954021","2.57220830500529","1.89324598069102","2.152112417697","3.02490319115884","2.81706847026468","2.83306758073206","1.76891249749988","1.51098293564422","2.21636291503296","2.11902890516191"
"N51015","51015","1.0723873095033","2.41418392845275","1.29357400834158","2.61167155551957","1.87828211560613","2.41101200281341","3.3118962051293","3.03112606785458","3.21000588722638","1.98609017176393","1.40254175061428","2.29792151331892","2.24339104301201"
"N51017","51017","1.05246538037872","2.39037986821326","1.29747235779707","2.60366244291094","1.86892438805561","2.4649444550694","3.33900367915931","3.06762393766292","3.27104921539048","2.02044788628835","1.39341211489397","2.28700382719767","2.25469912941814"
"N51019","51019","0.810025562375197","2.16946592652822","1.20897563185791","2.54979460285709","1.91521029706887","2.57763782364202","3.33047199021926","2.97640248962512","3.21875022680394","2.0353360807393","1.32678481173366","2.07743516104724","2.18302421704148"
"N51023","51023","0.886625273227236","2.24051348729987","1.23351522070614","2.56360904237436","1.92203682099158","2.57674735229583","3.36462789879296","3.04595391651426","3.29332195862098","2.07504547981936","1.34134100858002","2.14792507621541","2.22427187795317"
"N51029","51029","0.878275577514349","2.27086601966784","1.21900853492394","2.53233353733146","1.89101761102213","2.47130197719007","3.29883760534466","2.89994192042028","3.12483709668245","1.98915868181599","1.36841157341907","2.10024734714423","2.1703531235397"
"N51031","51031","0.772704228149816","2.1535133235123","1.1945941475762","2.51300660201631","1.89331585342015","2.54280635009601","3.29274484777286","2.90013962562641","3.13590487829641","1.98269647208788","1.33473207614122","2.04017609735654","2.14636120850434"
"N51033","51033","0.881843247911995","2.1474334672774","1.10913970084609","2.50238081249518","1.90329064545679","2.2374950812811","3.10972043578056","2.73780395790504","2.81022251491353","1.78720424865949","1.42375923357668","2.08508486338563","2.06128151745746"
"N51036","51036","0.677668838966357","1.93855104769274","1.03594665442375","2.32611333388419","1.84913704416515","2.20737420403","3.00406162510217","2.55361918696696","2.63683738264573","1.66458804660435","1.34088936676701","1.95674844010153","1.93262793094583"
"N51037","51037","0.707199844761137","2.11522666665669","1.16594298415633","2.45111054379499","1.86215640172335","2.49898659772325","3.23133546092981","2.79873417803544","3.02472477125368","1.90599393767092","1.3454948864944","1.99181548129009","2.09156014620751"
"N51041","51041","0.731167776397082","2.1006615968736","1.0911339090766","2.40992955311109","1.88175589136302","2.30145736376008","3.1174380464481","2.6625152224159","2.79039796990413","1.76357022363805","1.35798863650229","1.98670242709758","2.01622655138229"
"N51043","51043","1.30197650410897","2.46759186860469","1.2614278903786","2.65449452756082","1.88091180487856","2.23922241051454","3.14965748354359","2.97881005646711","3.03644925676737","1.86549622795021","1.53985207455597","2.31930177197671","2.22459932310893"
"N51045","51045","0.860630528766811","2.24158982781509","1.23031565573593","2.52761974443064","1.93075392472513","2.61418209207796","3.40264841137222","3.07257218105066","3.34356446943952","2.10399625751475","1.34409895865329","2.1404309447432","2.23436691636043"
"N51047","51047","1.04387523166211","2.32179012431677","1.21513325640691","2.61929217509607","1.89851295358415","2.28524034139665","3.2055327813937","2.91664399202051","3.00736683265074","1.88363754491693","1.49631861624429","2.23443863387852","2.17731520696395"
"N51049","51049","0.837511375560456","2.23066577069427","1.18524006745603","2.50027855239815","1.89053585732702","2.42975637168691","3.25600849947884","2.83454084718847","3.03666181566608","1.9330355164906","1.36665167612232","2.06432658613089","2.13043441135001"
"N51053","51053","0.65277823250045","1.99821344377073","1.07123815599884","2.34059076669801","1.81843291225299","2.29484344118479","3.03603728744102","2.5943410524785","2.7277738487755","1.70523115070561","1.34555001383535","1.94954012357851","1.96121420243503"
"N51057","51057","0.837895233746028","2.04416890495033","1.06975172972425","2.42880120834825","1.88232545441556","2.17361560831806","3.02836682812768","2.65415734411517","2.70322059195468","1.71568427877016","1.39412465205428","2.06268779212119","1.9995666355538"
"N51059","51059","1.15119639377787","2.29904821596429","1.17579790375729","2.59520133657442","1.89487124131308","2.1812593993812","3.06206346234399","2.84077837598687","2.87097898242384","1.79599812714827","1.5142983371267","2.21654630362998","2.13316983995232"
"N51061","51061","1.13040137690154","2.34333937542445","1.21327451121885","2.62958345478643","1.89432260368785","2.25105054100043","3.16060838238704","2.91554744429536","2.98186007149029","1.86217246385482","1.51491085917293","2.24763270115552","2.17872531544796"
"N51065","51065","0.918327308975659","2.29434873003962","1.21498369530818","2.54993945893061","1.89454798918441","2.39947031371639","3.26697864616717","2.88955316889056","3.06853244378479","1.9387926742615","1.40925837694386","2.14016848473724","2.16540844091166"
"N51069","51069","1.35960325837066","2.52202298602272","1.28806682168295","2.66602896558035","1.87551003932792","2.2562262747427","3.18141906304773","3.02895648776276","3.08984334868248","1.89503759162525","1.53859830438527","2.35784489639399","2.25492983646873"
"N51071","51071","0.786426743758324","2.22621596923999","1.22659015906156","2.50548315115947","1.92642524215089","2.66074486955065","3.43036435361201","3.07724773236233","3.36958031796849","2.12271744804577","1.359481145087","2.11419367927021","2.23378923427222"
"N51073","51073","0.651397579612349","1.78082719494774","0.993780109403277","2.25529141430105","1.81765902207994","2.12162331863911","2.91058931569202","2.47303989031452","2.5161315868921","1.58880233929042","1.32556507370441","1.95028451484856","1.86541594664379"
"N51075","51075","0.853375797552986","2.22109050340444","1.15797740576653","2.5049737429079","1.90311950746965","2.35098836175363","3.20956888886318","2.79796883161759","2.94686358833377","1.86946862025682","1.39243895074251","2.07585509516799","2.10697410781975"
"N51079","51079","1.03708544109854","2.4079191257785","1.27497360332241","2.62179539461867","1.89098843012463","2.35967883869629","3.28838307786991","2.98414556623846","3.13291739456693","1.93953694523237","1.47807074110389","2.27365073486318","2.22409544112615"
"N51085","51085","0.820310897586262","2.14571832436953","1.10699750035789","2.47145769158189","1.90489766968455","2.27524140304247","3.13674766910704","2.71789260333817","2.81875934886076","1.78918878045227","1.39464508198192","2.04488282065169","2.05222831591787"
"N51087","51087","0.756112277573648","2.0988013699805","1.08304225945547","2.42239281484749","1.89788228172382","2.26967404592467","3.11364503869733","2.66215588968855","2.76706776974957","1.75355037429979","1.36766491586715","2.00073809541401","2.01606059443516"
"N51091","51091","1.16252851199021","2.48775352582842","1.33246134859451","2.62310999949647","1.84809981368399","2.38565269638891","3.31752007197955","3.07395036285793","3.24464100185889","1.98215921164304","1.40900818607739","2.37832439926063","2.27043409413833"
"N51093","51093","0.526372382001488","1.69344044839024","0.952109367335426","2.14959807996995","1.75401971362034","2.11368091822613","2.75892679661822","2.33997348541168","2.40630330329938","1.51858476385392","1.2931491072774","1.83249939315958","1.77822147993031"
"N51095","51095","0.648810987889885","1.83846233818918","1.0075458749538","2.27569055738355","1.82606536102358","2.15843011698304","2.93829668909377","2.49491569655677","2.55719600406593","1.61484761871133","1.32872827893981","1.94095252208501","1.88582850382297"
"N51097","51097","0.767946555131922","1.97502230267671","1.05008045702188","2.37818240797758","1.86874805153564","2.17637294243832","3.01715180390793","2.60520197545704","2.66140870349164","1.68574945308176","1.36881956530379","2.02126089597852","1.96466209283356"
"N51099","51099","0.945163505779259","2.15201704132332","1.1096495187543","2.5220012408732","1.90095886807445","2.19130415560691","3.07016620037439","2.74958919849523","2.79453055591302","1.77953197009047","1.44332791328928","2.12757486809392","2.06548458638898"
"N51101","51101","0.777352617578201","2.03187434865981","1.0662121864538","2.4064826095278","1.88301899712558","2.21094394428883","3.05863771849821","2.63762852737974","2.70948751009992","1.71757356205995","1.37498416301566","2.02226447744634","1.99137172184449"
"N51103","51103","0.751154240587357","1.87147532946925","1.01645482252392","2.31592807986439","1.84126001820612","2.10532286953027","2.92852311160165","2.53459618762147","2.56232558680252","1.61999036874272","1.35214117295183","2.01503474741084","1.90951721127603"
"N51107","51107","1.26727449202001","2.41033057278577","1.2282376205604","2.64153926846946","1.8854051913728","2.20731791085491","3.09552416072362","2.91849265761967","2.96285076529354","1.82377965540574","1.54501107193","2.2767343948566","2.18854148015771"
"N51109","51109","0.917976112408539","2.25878872415942","1.18156714769325","2.54674828269878","1.90112889997759","2.33451523727177","3.21483659863505","2.8450969833152","2.97804413499083","1.88113182802765","1.42789066886722","2.13330598379448","2.13508588348665"
"N51111","51111","0.665224061699866","2.05616253876341","1.12659361408399","2.39296608096515","1.83198622289657","2.42342893388656","3.14280941757203","2.70236682429843","2.89766585249118","1.81712968128812","1.34692054043004","1.96443771859996","2.03064095724794"
"N51113","51113","1.03737072696025","2.37423450003935","1.25059114254187","2.62161128696165","1.89491631219827","2.32581442658098","3.25473797765142","2.9559337425412","3.07875881502651","1.91319572098242","1.48879648508957","2.25986567561546","2.20465223434908"
"N51115","51115","0.642812426500551","1.7313338307438","0.978816550320238","2.21940126236661","1.79860944314274","2.09163338931747","2.86313782938373","2.43462341667055","2.47247289402036","1.55952408364119","1.31501631044502","1.94027370984894","1.83730459553343"
"N51119","51119","0.716325346774702","1.8569005120164","1.01662918004276","2.30943096350636","1.84078135565814","2.12969567839288","2.95274865387541","2.53203767405752","2.57117157629172","1.62468929220818","1.34554873863736","1.9962802301703","1.90768660013598"
"N51121","51121","0.749474043258957","2.17609814315161","1.2015731476219","2.49516626020521","1.9201639854775","2.64594873402308","3.39740767933514","3.0189984455981","3.30981409575509","2.09971374651849","1.33490905953804","2.0585474449629","2.2006512321205"
"N51125","51125","0.942438431891817","2.31118725184588","1.24614633988669","2.57358072057123","1.89539029593877","2.46983090539731","3.31393149262832","2.96804628132075","3.1805071918056","2.0054058598081","1.37933206733301","2.17075305898415","2.20471249145097"
"N51127","51127","0.710991738152916","1.95963371275839","1.04342510177281","2.35110176317348","1.86579147751591","2.20320418411975","3.03016380972037","2.58106801534996","2.65629482533866","1.6801234109887","1.3493471089671","1.98189805140298","1.95108693327175"
"N51131","51131","0.587071325936479","1.59630088976143","0.92240588419368","2.07630729761451","1.72260448466702","1.99876785360947","2.66336018929585","2.27774228636774","2.31546202283665","1.4536775806344","1.27696340727949","1.86829756144771","1.72991339863703"
"N51133","51133","0.796526458891521","1.91261677293288","1.02286244376696","2.33430966214572","1.84716322007651","2.09108909818417","2.91669658400196","2.55058666006402","2.5716554251096","1.62739203985214","1.36263554128944","2.03685104385334","1.92253207918069"
"N51135","51135","0.709488060606206","2.0903290143576","1.1253739674059","2.40809969259247","1.8476640697394","2.38722140898726","3.14561562149505","2.70664637383602","2.88551930713816","1.81746252265031","1.35052981691792","1.98582834798748","2.03831485030948"
"N51137","51137","0.985040527487562","2.30028858314433","1.20665311289669","2.58987210094808","1.89920092458879","2.31579628646135","3.22030499076247","2.89391619264404","3.00952491661729","1.89105809600465","1.46542967629702","2.19466573633491","2.16431259534893"
"N51139","51139","1.13429181642078","2.46119851573524","1.29185144222509","2.64854050884712","1.88668896083254","2.32138709619532","3.27065762728","3.01612835509156","3.13398940687328","1.92530850787622","1.50863774798842","2.32960759523725","2.24402396505024"
"N51145","51145","0.811993025477726","2.19726414161991","1.14571883551886","2.47805645767535","1.90154602638455","2.36567531984657","3.20742392768788","2.77097867023591","2.93295204274783","1.86478733923593","1.36972826886643","2.04080245340517","2.09057720905851"
"N51147","51147","0.769841849404442","2.17192208092107","1.17740909939246","2.46887763707232","1.86907485545767","2.46890912305367","3.24164133638652","2.81296319274731","3.03436070854795","1.9237127685416","1.35260854451757","2.02539463708297","2.10972631942713"
"N51149","51149","0.645694367566948","1.93268956069008","1.03630834377322","2.30731143084297","1.82340968621486","2.22425688697991","2.97986522561542","2.53598853843354","2.6338369730397","1.65404219773684","1.33774119542352","1.93626530590776","1.92061747601873"
"N51153","51153","1.09823725938987","2.27810599225905","1.17472488555322","2.61093822933097","1.89877555011167","2.21876710374722","3.11257965851176","2.8604439683564","2.90765948534114","1.83100252377323","1.5084434314751","2.2074969202901","2.14226458401164"
"N51157","51157","1.12232975644462","2.40011231884581","1.25287450071884","2.63983358433967","1.89187473096837","2.28974388035515","3.22201916990202","2.9675458646048","3.06135833125117","1.8968336904863","1.51240987198256","2.28791027419318","2.21207049784104"
"N51159","51159","0.827420806788471","1.99386258312191","1.05103563430631","2.39605801378935","1.87115185398719","2.13475591135969","2.98206054457671","2.61580208800883","2.64898416656772","1.67971594294516","1.38303804045283","2.05961181482632","1.97029145006088"
"N51161","51161","0.787664267727148","2.18141354062484","1.20859616978946","2.51771843776879","1.92132076747485","2.61858587142894","3.37554961595796","3.01397907392849","3.2841579051914","2.07633817277073","1.33220593318611","2.07784175508738","2.19961429257801"
"N51163","51163","0.979609461891201","2.31454279191119","1.26068344093335","2.59727891308985","1.90007822856876","2.49541760573267","3.32858688534429","3.03175144375926","3.24376201279688","2.03156481170119","1.35710235898457","2.21575043520082","2.22967736582617"
"N51165","51165","1.14192217594642","2.48050613020059","1.31177415763484","2.63749776895851","1.87218633698549","2.34441119480577","3.2920732625502","3.0363044948386","3.17560111109733","1.94553219387675","1.46938616429588","2.35468302250758","2.2551565011415"
"N51171","51171","1.23578112130804","2.50457741090504","1.30332402790019","2.65715387692802","1.87678598502547","2.30557729799448","3.25125688931831","3.03993625185232","3.13960587105363","1.92532471931295","1.51590788906496","2.35953435019809","2.25956380757179"
"N51177","51177","0.941919179173536","2.22074980699802","1.15330548074993","2.56038341142983","1.90561458124678","2.27577004132454","3.16498654596957","2.81954023429915","2.90698751836103","1.84427886004635","1.45376237670761","2.13601761629434","2.11527630438339"
"N51179","51179","0.99230346802697","2.20731291745811","1.14484783618946","2.58416709823595","1.90545728152246","2.23498818516174","3.1295381849335","2.82363724425577","2.87981668217608","1.83415368097606","1.47905893070549","2.15946255176412","2.11456200511714"
"N51181","51181","0.598280787122737","1.80896331345681","0.995084072067813","2.23503468590885","1.79465643679622","2.16214726033037","2.8801887138349","2.44666059146898","2.52202819929898","1.58823787358708","1.31773963320416","1.89740825452202","1.85386915179991"
"N51187","51187","1.22869219659893","2.45755954072269","1.27029488004468","2.6519473806495","1.88443770669237","2.27509866231648","3.20419755165741","2.99569895701601","3.07590671185793","1.89541460215329","1.52498625488665","2.32057379642392","2.23206735341832"
"N51193","51193","0.882542299209277","2.05713713369866","1.06930421937978","2.44034558880087","1.8838267386288","2.13965926175724","2.99841284950061","2.65959341565405","2.69045461496434","1.70893725371305","1.4039431390809","2.09125163031664","2.00211734539202"
"N51199","51199","0.610583315357863","1.75728816395238","0.980236016683165","2.22322123009535","1.80154400698586","2.12102824621281","2.86611693523216","2.43132180938919","2.48262472627513","1.5691733050389","1.31459891560182","1.90975348165241","1.83895751270642"
"N51510","51510","1.1404597329829","2.27820335054638","1.16142243339504","2.56738889581878","1.8955221071691","2.15284644010505","3.02797693547654","2.80818696591745","2.82540444051234","1.77092383075768","1.50215292691639","2.20736090869422","2.11148741402432"
"N51515","51515","0.809819239442035","2.16519416340935","1.20889724318238","2.55397898707017","1.91717970465621","2.58103016009424","3.3309077419414","2.98059811105691","3.22226234251853","2.03726013525735","1.32477726290817","2.0778005669157","2.18414213820437"
"N51530","51530","0.938677349283834","2.28019199674779","1.24498411566932","2.58863130555171","1.90722957969615","2.51262151209687","3.3273551768985","3.01192004211466","3.2324208567081","2.03655272725052","1.35003250325715","2.17612137048718","2.21722821131348"
"N51540","51540","0.982567841874487","2.36170151271028","1.25495719683816","2.59024999085473","1.89110396257997","2.39579639766982","3.29141623293301","2.952203017783","3.1268304462881","1.95579474285739","1.44133140866348","2.2123656495279","2.20469320004836"
"N51550","51550","0.430709194661659","1.53086674090523","0.878003425165566","1.99423827167846","1.68953287461072","2.00930360193094","2.55573433108601","2.16463493191277","2.21637187852969","1.39793660239317","1.25804294050698","1.73935148034536","1.65539385614388"
"N51570","51570","0.690258107749973","2.03453576273462","1.06476577098843","2.36688984124895","1.85835349423626","2.26491937800203","3.05786874923136","2.60378253325858","2.71520681102106","1.70859976475781","1.35167321418846","1.9631318112726","1.97333210322418"
"N51580","51580","0.966656089406677","2.32011535786064","1.2694370400381","2.57777521062949","1.89152482571167","2.53269000707085","3.36543425544082","3.07084615228975","3.30364484449766","2.05702300737246","1.37972627530264","2.21931111054336","2.24618201468034"
"N51600","51600","1.14028093020121","2.29332069953283","1.17468247413635","2.59834270477295","1.89575188954671","2.18815937042236","3.07099494934082","2.84350051879883","2.87663586934407","1.80228010813395","1.513392162323","2.21356121301651","2.13424190746413"
"N51610","51610","1.19049729865649","2.32061798954312","1.18315119239811","2.58716881147186","1.8916365739164","2.16333333069488","3.03723219819173","2.83612641061235","2.85708176443341","1.77824279725065","1.52106776538964","2.22600043378147","2.13267971386168"
"N51630","51630","0.962083736601297","2.19652748305376","1.13831640253762","2.56898277034062","1.90654793085717","2.24391042332138","3.13434244709084","2.80836686281017","2.87182337163181","1.82967648233288","1.46665311133536","2.13971506817161","2.10557884084037"
"N51650","51650","0.541639226490816","1.64149724082191","0.933117024450731","2.12034361275729","1.75174687641122","2.05969883995856","2.72481235140908","2.31147046418144","2.35672868398403","1.48912061605957","1.28791528610332","1.84296405891378","1.75508785679515"
"N51660","51660","1.11304766864193","2.46640915614657","1.30761067367785","2.63394817341937","1.87595768575765","2.3512508977656","3.29895171463405","3.03050959539602","3.17751190307137","1.94847497488364","1.46120091242728","2.34396794801952","2.25073677532007"
"N51670","51670","0.687079882621765","2.00623935858409","1.05575324694315","2.35488290786743","1.85670770009359","2.24696184794108","3.04163322448731","2.58845965067546","2.69109827677409","1.69566478729248","1.34825638135274","1.96077547073364","1.96112606128057"
"N51678","51678","0.978965546687444","2.31097489198049","1.25975263913473","2.59907700220744","1.90136741002401","2.4971741994222","3.32752126057943","3.03220424652099","3.24408982594808","2.03271389007568","1.35318286418915","2.21473900874456","2.22931356545952"
"N51680","51680","0.841496408594895","2.20297312862859","1.21316778818187","2.55303818413933","1.90978209831752","2.5463342095851","3.31934986507827","2.95878630205925","3.19667224749095","2.02931906821566","1.33481227376986","2.08958817661228","2.18294331255613"
"N51683","51683","1.11245719955216","2.28458969682864","1.17670268052875","2.61369500651988","1.89790708308809","2.21564353689488","3.10638672034143","2.86091271221008","2.90614268935046","1.8271278631713","1.51360236468038","2.20899330322609","2.14368007136601"
"N51685","51685","1.14018509984016","2.30142310063044","1.18178938229879","2.614932568868","1.89587513605754","2.20708599090576","3.09405117034912","2.86242771148682","2.90409348805746","1.81908613840739","1.51941579182943","2.21688442230225","2.1464375000861"
"N51700","51700","0.571906315041084","1.6962504098286","0.956178657425163","2.17427825198531","1.77872421033813","2.09310443728368","2.79690660318356","2.371057116622","2.4183723417844","1.53028615460385","1.30072849675922","1.87308141858979","1.79673953445373"
"N51710","51710","0.462690270284463","1.55077682490138","0.889428751459612","2.01532499527782","1.69817313216098","2.01062201001024","2.58890583039121","2.19596772129218","2.24457320286425","1.41222737243988","1.26566571199529","1.77114251064879","1.67545819447717"
"N51730","51730","0.661569516762698","1.98822677523333","1.05390123815664","2.33622312419109","1.83366388365221","2.25395372522061","3.01903867106864","2.57147425039586","2.68173859070059","1.68196655453647","1.34554203928817","1.9480476973209","1.94794550554393"
"N51735","51735","0.539599567850719","1.63535510031021","0.930599530922651","2.11327255349293","1.74778575163896","2.05467932624181","2.71614041543802","2.30480139225168","2.34985293334427","1.48376188539724","1.28667479412108","1.84103496417471","1.75029651793202"
"N51740","51740","0.472263756983129","1.57394221338016","0.899306449675239","2.04446938381378","1.7148039737764","2.03080573417333","2.62076767096168","2.22076274674656","2.27044787908924","1.43454361538457","1.26870166167128","1.77661273491514","1.69395231838087"
"N51760","51760","0.759879662158094","2.12617955491072","1.0886465921701","2.43361735056042","1.90674989425479","2.28283308348246","3.1315388937291","2.67418278372977","2.78529605976708","1.7659909941875","1.36835828559984","2.00022030484625","2.02695778828301"
"N51770","51770","0.798195821759604","2.18153442649167","1.21014863979595","2.52714034912636","1.92135795159519","2.60957079996902","3.36693390289466","3.01047525465065","3.27388043916576","2.06912615843457","1.33098995667558","2.08229883532468","2.19847104465697"
"N51775","51775","0.805457766850789","2.19317083358765","1.21296871503194","2.52316449483236","1.92414766947428","2.6156728108724","3.37867838541667","3.02527650197347","3.29390627543131","2.08116502761841","1.3334286848704","2.09150470495224","2.20654515590933"
"N51790","51790","1.06735456662234","2.41543451918063","1.29153084205942","2.61254625238217","1.87956324519223","2.40263862533848","3.30878557928664","3.02312894721494","3.19797404486183","1.97871861875175","1.41458715122714","2.29442033194119","2.24055689367156"
"N51800","51800","0.467565728358015","1.61708335793635","0.91913096396803","2.08334271077159","1.72428286446613","2.0814201067875","2.66252789431472","2.25524045821573","2.31960481305627","1.46800987025709","1.27305221474908","1.77370568375343","1.72041388888616"
"N51810","51810","0.421478681899809","1.49016277390287","0.861455964115375","1.93936451983888","1.65666490546816","1.96654851291149","2.50271985155627","2.12526039230961","2.17326793961655","1.35501881071777","1.25606423268749","1.74179345034404","1.62415000294736"
"N51820","51820","1.02016255946089","2.37960872809108","1.27421838657979","2.60056574758516","1.88653292076791","2.42017970280432","3.30843117419085","2.99920903971978","3.18379731464884","1.98278936475962","1.41168439355682","2.24933609719867","2.22637628578031"
"N51830","51830","0.632554030418397","1.79693620999654","0.994843355814615","2.25186452865601","1.81465479532877","2.13929901123047","2.90630054473877","2.4665854771932","2.52194239298503","1.59289363225301","1.32263520558675","1.92957996527354","1.86417409578959"
"N51840","51840","1.34689850707849","2.50892837444941","1.28129751682282","2.6632221698761","1.87680006027222","2.25081698099772","3.17162475585938","3.01560503641764","3.07525774637858","1.8863174756368","1.53959265549978","2.34812564651171","2.24704057715005"
"N54003","54003","1.4492502024055","2.54859551640168","1.28737915810787","2.67101413710492","1.86924291021077","2.21311059305723","3.11924890506249","3.01427792563481","3.05219330961788","1.85524989315541","1.56153246426995","2.36644944931395","2.25062870536187"
"N54023","54023","1.35377917358183","2.59255909667448","1.35507499059107","2.65911573513374","1.83103401346745","2.31044207648841","3.24463145856258","3.08483652721364","3.17082763326437","1.9265410343109","1.53418414821543","2.44641550583536","2.29245344944494"
"N54025","54025","0.980312657678707","2.36274683255092","1.29951094437675","2.57252406923164","1.85327626995155","2.54294058702312","3.39403585679479","3.10810509482296","3.34915155202419","2.05892163608271","1.44313394264928","2.24938454603865","2.26783699910211"
"N54027","54027","1.4211232358233","2.57701997591686","1.31829623801789","2.67441703615953","1.86075667598789","2.27307091599613","3.20816791918882","3.07695090978631","3.13622675441644","1.92039891768772","1.54227721126578","2.40495709217743","2.28447190686868"
"N54031","54031","1.30330697181495","2.54872883655794","1.32638054830778","2.65942768331121","1.85764887445948","2.30604399298143","3.2483272908088","3.06526199915457","3.15815933625272","1.92940625926362","1.51913521001551","2.4002526070209","2.27683996749574"
"N54037","54037","1.37395131870761","2.49641837802217","1.26474255752032","2.65992950495844","1.8765660888788","2.21179468519006","3.10781234302216","2.97356264221276","3.01709764924015","1.84042493777498","1.55650938527251","2.32940268991955","2.22568434839329"
"N54057","54057","1.45378886628138","2.61542195314746","1.34557487232788","2.67501917588445","1.83624208842455","2.27900897128173","3.20801074270191","3.09378060780743","3.14585193112952","1.91546228526012","1.56550533594719","2.44678248955863","2.29837077664602"
"N54063","54063","0.873597810127122","2.28032258089849","1.24976223853486","2.52430419216684","1.92020747139517","2.62489005188498","3.42841095894341","3.10865608384457","3.38310767876497","2.11313233472195","1.37387473638958","2.17420065703483","2.2545388995589"
"N54065","54065","1.49990353469907","2.58726109425907","1.30765520921998","2.67944476123586","1.86177368780849","2.22298285713648","3.14733033814738","3.05957233625623","3.09270068755349","1.87939844616024","1.56088307141617","2.4027808003391","2.27514056868596"
"N54071","54071","1.23620679035349","2.54168753757503","1.34552504942807","2.63749732572169","1.8440204466631","2.34038354582581","3.2912803488035","3.07390501517511","3.21003248276232","1.9530815384699","1.45033243392411","2.42099182429663","2.27874536158323"
"N54075","54075","1.11641517408784","2.46276279218334","1.33812656864826","2.61714533431918","1.81902933236442","2.43068763552778","3.3427696045911","3.09248008423289","3.28491994094108","1.99838521294207","1.45981898184551","2.34697320893897","2.27579282255187"
"N54077","54077","1.43585931181732","2.66066004500006","1.40606005794089","2.65942941291551","1.76288215526889","2.29879767808078","3.22842401742075","3.12304097149161","3.1626970176334","1.89728418407841","1.6182293080927","2.53409418113055","2.31562152840591"
"N54083","54083","1.24877696493031","2.55470100706956","1.37508939779915","2.6380630326088","1.78515497908952","2.3612760372343","3.30242313818735","3.10397842143223","3.23776434507016","1.95181338545416","1.51519985723253","2.43876954354487","2.29275084247108"
"N54093","54093","1.35350580196452","2.61128767493448","1.38140448083968","2.65131788155059","1.79809537281598","2.32334657906115","3.25703616291261","3.10147968227551","3.18856401079333","1.92536899774807","1.54624920901785","2.48138035504213","2.30158635074632"
"WshedT","99999","1.44269544910035","2.51062249592399","1.29733001844821","2.56001996819435","1.81594165148992","2.11490814529773","2.98847076137954","2.8904445687353","2.89296410794457","1.68141564254274","1.58610056600595","2.42228724702131","2.18360005184033"
